timestamp,role,content
2025-05-02T12:20:40.107673,user,"Is as a Cloud service? (Public, Private, Hybrid)"
2025-05-02T12:20:40.120454,system,"[Cloud services are typically classified as public, private, or hybrid.]

Context:
access
sensitive
cloud
resources
Compliance: Ensure that all cloud services meet relevant regulatory, contractual, and industry standards.
Incident Response: Establish procedures to respond promptly and effectively to security incidents involving cloud services.
Risk Management: Regularly assess and manage risks associated with cloud environments to minimize vulnerabilities and threats.. "
2025-05-02T12:21:04.396620,user,public private hybrid
2025-05-02T12:21:04.416344,system,"[No refinement needed]

via secure channels only.

[No additional information provided to answer the question about ""public private hybrid""]. "
